Tanggal,Keterangan,Nominal,Jenis,Kategori
2026-08-01,Gaji Bulanan Utama,12000000,INCOME,Gaji
2026-08-01,Belanja Bulanan Indomaret,350000,EXPENSE,Belanja
2026-08-02,Kopi Kenangan QRIS DANA,45000,EXPENSE,Minum
2026-08-02,Gojek Ride Ke Kantor,18000,EXPENSE,Transportasi
2026-08-02,Cashback ShopeePay,50000,INCOME,Hadiah
2026-08-03,Makan Siang Nasi Padang,35000,EXPENSE,Makan
2026-08-03,Langganan Internet Biznet,375000,EXPENSE,Internet
2026-08-04,Beli Pulsa Telkomsel,100000,EXPENSE,Pulsa
2026-08-05,Freelance Web Design,2500000,INCOME,Freelance
